Respondent ID,What is your age,What is your gender identity,Other (please specify),American Indian or Alaska Native,Asian or Asian American,Black or African American,Hispanic or Latino,Middle Eastern or North African,Native Hawaiian or other Pacific Islander,White,Another race,Other (please specify),In what state or U.S. territory do you live? ,What is the geography of your place of residence?,Which of the following best describes your current relationship status?,What is the highest level of education you have completed?  ,Protestantism,Catholicism,Christianity,Judaism,Islam,Buddhism,Hinduism,Native American,Inter/Non-denominational,No religion,Other (please specify)
115056444464,33,Cisgender man,,,,,Hispanic or Latino,,,,,,North Carolina,Suburban,"Single, never married",Graduated from college,,Catholicism,,,,,,,,,
115056470320,36,Cisgender woman,,American Indian or Alaska Native,,Black or African American,Hispanic or Latino,,,,,,Maryland,Suburban,"Single, never married",Completed graduate school,,,,,,,,,,No religion,
115056464895,61,Cisgender woman,,,,Black or African American,,,,,,,Texas,Urban,"Single, never married",Graduated from high school,,,,,,,,,,No religion,
115056503703,71,Non-binary,Male.,,,,,,,,,Caucasian and Moroccan,Ohio,Rural,Married,1 year of college,,,,,,,,,,,Follower of Jesus
115056455365,46,Cisgender man,,,,,,,,White,,,Alabama,Rural,"Single, never married",Graduated from college,Protestantism,,,,,,,,,,
115056477341,33,Cisgender man,,,,,,,,White,,,Ohio,Suburban,"Single, never married",1 year of college,,,,,,,,,,No religion,
115056492123,22,Transgender woman,,,,,Hispanic or Latino,,,,,,New York,Urban,Cohabiting with a significant other or in a domestic partnership,1 year of college,,,,,,,,,,No religion,
115056545841,54,Cisgender woman,,,,,,,,White,,,Florida,Suburban,Separated,Graduated from college,Protestantism,,,,,,,,,,
115056517193,32,Cisgender woman,,,,,Hispanic or Latino,,,,,,Virginia,Suburban,"Single, never married",Graduated from college,,,,,,,,,,No religion,
115056474677,25,Cisgender man,,,Asian or Asian American,,,,,,,,Georgia,Suburban,"Single, never married",Graduated from college,,,Christianity,,,,,,,,
115056523166,32,Cisgender man,,,,Black or African American,,,,,,,Texas,Urban,Married,Graduated from college,Protestantism,,,,,,,,,,
115056517307,37,Cisgender man,,,,,Hispanic or Latino,,,,,,New Jersey,Suburban,"Single, never married",Completed graduate school,,Catholicism,,,,,,,,,
115056516940,20,Cisgender man,,,,,,,,White,,,New York,Suburban,"Single, never married",2 years of college,Protestantism,,,,,,,,,,
115056520469,44,Cisgender man,,,,,,,,White,,,Florida,Suburban,Cohabiting with a significant other or in a domestic partnership,Graduated from high school,,,,,,,,,,No religion,
115056432692,45,Cisgender woman,,,,,,,,White,,,Texas,Suburban,Married,Completed graduate school,,,,,,,,,,No religion,
115056510500,45,Cisgender man,,,,Black or African American,,,,,,,Ohio,Suburban,"Single, never married",Graduated from high school,,,,,,,,,,No religion,
115056514981,32,Cisgender woman,,,,Black or African American,,,,,,,Georgia,Suburban,"Single, never married",Completed graduate school,,,Christianity,,,,,,,,
115056516899,26,Cisgender woman,,,,,,,,White,,,Colorado,Exurban,Cohabiting with a significant other or in a domestic partnership,Graduated from college,,,,,,,,,Inter/Non-denominational,,
115056511739,39,Cisgender woman,,,,,Hispanic or Latino,,,White,,,Colorado,Suburban,Cohabiting with a significant other or in a domestic partnership,2 years of college,,,,,,,,,,No religion,
115056507071,31,Cisgender man,,,,,,,,White,,,California,Suburban,"Single, never married",1 year of college,,,,,,,,,,No religion,
115056514271,30,Cisgender man,,,,,,,,White,,,West Virginia,Rural,Married,Graduated from high school,Protestantism,Catholicism,Christianity,Judaism,Islam,Buddhism,Hinduism,Native American,Inter/Non-denominational,No religion,The universe
115056513809,32,Cisgender woman,,,,,,,,White,,,California,Suburban,Cohabiting with a significant other or in a domestic partnership,Completed graduate school,,,,,,,,,,No religion,
115056515207,40,Cisgender woman,,American Indian or Alaska Native,,,Hispanic or Latino,,,White,,,Texas,Suburban,"Single, never married",3 years of college,Protestantism,,,,,,,,,,
115056513152,55,Cisgender woman,,,,,,,,White,,,Florida,Suburban,Married,Graduated from college,,,,,,,,,,No religion,
115056513882,40,Cisgender man,,,,,,,,White,,,North Carolina,Suburban,Married,Graduated from college,Protestantism,,Christianity,,,,,,,,
115056509997,40,Cisgender man,,,,,Hispanic or Latino,,,,,,California,Suburban,"Single, never married",2 years of college,,,,,,,,,,No religion,
115056513500,44,Cisgender man,,,,,,,,White,,,New Jersey,Suburban,"Single, never married",Graduated from college,,,,,,,,,,No religion,
115056510027,50,Cisgender man,,,,,,,,White,,,New Jersey,Suburban,"Single, never married",Graduated from college,,,,,,,,,,No religion,
115056511536,50,Cisgender woman,,,,,,,,White,,,Ohio,Urban,Divorced,2 years of college,,,Christianity,,,,,,,,
115056512559,22,Cisgender woman,,,,,,,,White,,,Virginia,Suburban,Married,Graduated from college,,,,,,,,,,No religion,
115056509009,21,Cisgender woman,,,,,Hispanic or Latino,,,White,,,Indiana,Suburban,"Single, never married",1 year of college,,,,,,,,,,No religion,
115056509337,27,Cisgender woman,,,,Black or African American,,,,,,,Alabama,Suburban,Married,Graduated from college,,,,,,,,,,No religion,
115056511724,31,Cisgender woman,,,,,,,,White,,,Michigan,Suburban,Cohabiting with a significant other or in a domestic partnership,Graduated from high school,,,,,,,,,,No religion,
115056506467,43,Cisgender man,,,,,,,,White,,,Michigan,Urban,Cohabiting with a significant other or in a domestic partnership,Graduated from college,,,,,,,,,,No religion,
115056509476,41,Gender fluid,,,,,Hispanic or Latino,,,,,,California,Urban,Married,Graduated from college,,,,,,,,,,No religion,
115056508148,50,Cisgender woman,,,,Black or African American,,,,,,,Illinois,Urban,"Single, never married",Graduated from college,,,,,,,,,,,Spiritual
115056496580,38,Cisgender woman,,,,,,,,White,,,Virginia,Exurban,Married,Completed graduate school,Protestantism,,,,,,,,,,
115056507456,39,Cisgender woman,,,,,,,,White,,,California,Suburban,Married,Graduated from college,,,,,,,,,,No religion,
115056504300,34,Cisgender woman,,,,,,,,White,,,California,Urban,Cohabiting with a significant other or in a domestic partnership,Graduated from high school,,,,,,,,,,No religion,
115056505025,38,Cisgender man,,,,,,,,White,,,Tennessee,Rural,Married,Graduated from college,,,Christianity,,,,,,,,
115056507392,49,Cisgender woman,,,,,,,,White,,,Iowa,Suburban,Divorced,Graduated from college,,,,,,,,,,No religion,
115056507247,48,Cisgender woman,,,,,,,,White,,,Washington,Urban,Married,2 years of college,,,Christianity,,,,,,,,Taoism
115056508549,28,Cisgender woman,,,Asian or Asian American,,,,,,,,Illinois,Urban,"Single, never married",Some graduate school,,,,,,,,,,No religion,
115056508076,32,Cisgender man,,,,,,,,White,,,Utah,Suburban,Married,Graduated from college,,,Christianity,,,,,,,,
115056494240,34,Cisgender man,,,,,Hispanic or Latino,,,White,,,Florida,Urban,"Single, never married",11th grade,,,,,,,,,,No religion,
115056501547,32,Cisgender woman,,,Asian or Asian American,,,,,,,,Washington,Suburban,"Single, never married",Graduated from college,,,,,,Buddhism,,,,,
115056506508,40,Cisgender woman,,,,,,,,White,,,Arizona,Suburban,Married,Graduated from college,,,,,,,,,,No religion,
115056506436,36,Cisgender woman,,,,,,,,White,,,Pennsylvania,Rural,Married,Graduated from college,Protestantism,,,,,,,,,,
115056505554,45,Cisgender man,,,,,Hispanic or Latino,,,White,,,Florida,Urban,Divorced,Completed graduate school,,,,Judaism,,,,,,,
115056505576,34,Cisgender man,,,Asian or Asian American,,,,,,,,California,Urban,"Single, never married",Graduated from college,,,,,,,,,,No religion,
115056505585,30,Cisgender woman,,,,,,,,White,,,California,Urban,Married,Completed graduate school,,,,,,,,,,No religion,
115056504310,33,Cisgender man,,,,Black or African American,,,,,,,Louisiana,Urban,"Single, never married",1 year of college,,,,,,,,,,No religion,
115056504095,45,Cisgender woman,,,,,,,,White,,,Florida,Rural,Divorced,2 years of college,,,,,,,,,,No religion,
115056500650,20,Cisgender man,,,,,,,,White,,,Alabama,Rural,Cohabiting with a significant other or in a domestic partnership,2 years of college,,,Christianity,,,,,,,,
115056500883,34,Cisgender man,,,,,,,,White,,,Nebraska,Rural,Divorced,Graduated from college,,,,,,,,,Inter/Non-denominational,,
115056489844,48,Cisgender man,,,,,,,,White,,,Colorado,Urban,Married,Graduated from college,,,,,,,,,,No religion,
115056500913,42,Cisgender man,,,,,,,,White,,,Michigan,Rural,Cohabiting with a significant other or in a domestic partnership,2 years of college,,,,,,,,,,No religion,
115056504156,29,Cisgender woman,,,,,,,,White,,,Massachusetts,Suburban,"Single, never married",Graduated from college,,Catholicism,,,,,,,,,
115056503596,32,Cisgender man,,,,,,,,White,,,Florida,Suburban,Married,Completed graduate school,,,,,,,,,,No religion,
115056490177,39,Cisgender man,,,,Black or African American,,,,,,,New Jersey,Suburban,"Single, never married",1 year of college,,,,,,,,,,,Agnostic
115056497500,71,Cisgender man,,,,,,,,White,,,California,Suburban,Married,Completed graduate school,,,,,,,,,,No religion,
115056497380,40,Cisgender man,,,,Black or African American,,,,,,,Ohio,Exurban,Married,Graduated from college,,,,,,,,,,No religion,
115056499344,39,Cisgender man,,American Indian or Alaska Native,,,,,,,,,Arkansas,Suburban,Cohabiting with a significant other or in a domestic partnership,Graduated from high school,,,Christianity,,,,,,,,
115056499740,41,Cisgender woman,,,,,,,,White,,,New York,Urban,Cohabiting with a significant other or in a domestic partnership,Graduated from college,,,,,,,,,,No religion,
115056492155,37,Cisgender man,,,,,,,,White,,,Ohio,Urban,Married,Completed graduate school,,Catholicism,,,,,,,,,
115056497580,39,Cisgender man,,,,,,,,White,,,Arizona,Suburban,"Single, never married",Completed graduate school,Protestantism,,,,,,,,,,
115056498616,41,Cisgender man,,,,,,,,White,,,Florida,Suburban,Married,Graduated from college,,,,,,,,,,No religion,
115056494299,27,Cisgender man,,,Asian or Asian American,,,,,,,,California,Urban,"Single, never married",Graduated from college,Protestantism,,,,,,,,,,
115056499202,42,Cisgender woman,,,,,Hispanic or Latino,,,,,,Illinois,Urban,"Single, never married",Graduated from college,,Catholicism,,,,,,,,,
115056491990,31,Non-binary,,,,,,,,White,,,Michigan,Rural,"Single, never married",Graduated from college,,,,,,,,,,No religion,
115056496384,33,Cisgender man,,,,,,,,White,,,Texas,Suburban,"Single, never married",Graduated from college,,,,,,,,,,No religion,
115056495369,24,Cisgender woman,,,,Black or African American,,,,,,,Texas,Suburban,"Single, never married",2 years of college,,,,,,,,,,No religion,
115056494406,41,Cisgender woman,,,,,,,,White,,,Texas,Suburban,Married,Completed graduate school,,,,,,,,,,No religion,
115056496447,41,Cisgender man,,,,,,,,White,,,Illinois,Rural,Married,Completed graduate school,,,,,,,,,,No religion,
115056492652,41,Cisgender woman,,,,Black or African American,,,,,,,Georgia,Suburban,"Single, never married",Graduated from college,,,Christianity,,,,,,,,
115056499357,72,Cisgender woman,,,,,,,,White,,,Pennsylvania,Rural,Married,Graduated from high school,Protestantism,,,,,,,,,,
115056493588,35,Cisgender woman,,,,Black or African American,,,,,,,Georgia,Urban,"Single, never married",Completed graduate school,,,,,,,,,,No religion,
115056493625,48,Cisgender man,,,,,,,,White,,,Florida,Suburban,Married,Graduated from college,Protestantism,,,,,,,,,,
115056496272,33,Cisgender man,,,,,,,,White,,,Massachusetts,Suburban,Cohabiting with a significant other or in a domestic partnership,Graduated from college,Protestantism,,,,,,,,,,
115056461785,39,Cisgender woman,Woman,,,,Hispanic or Latino,,,,,,California,Rural,Married,2 years of college,,,Christianity,,,,,,,,
115056493911,56,Cisgender woman,,,,,,,,White,,,Washington,Urban,"Single, never married",Some graduate school,,,,,,,,,,No religion,
115056495072,58,Cisgender woman,,,,,,Middle Eastern or North African,,White,,,Pennsylvania,Exurban,Cohabiting with a significant other or in a domestic partnership,Graduated from college,,,,,,,,,,No religion,
115056490992,46,Cisgender woman,,,,,,,,White,,,Tennessee,Suburban,"Single, never married",Graduated from college,,,,,,,,,Inter/Non-denominational,,
115056491691,55,Cisgender man,,,,Black or African American,,,,,,,Ohio,Rural,Divorced,1 year of college,Protestantism,,,,,,,,,,
115056488983,30,Cisgender man,,,,Black or African American,,,,,,,Ohio,Suburban,Married,Graduated from college,Protestantism,,Christianity,,,,,,,,
115056490878,37,Cisgender woman,,,,,,,,White,,,Texas,Urban,Cohabiting with a significant other or in a domestic partnership,Completed graduate school,,,,,,,,,,No religion,Spirituality
115056488604,33,Cisgender woman,,,,,,,,White,,,Ohio,Rural,"Single, never married",Graduated from high school,,,,,,,,,,No religion,
115056481195,41,Cisgender woman,,,,,,,,White,,,Alabama,Rural,Married,2 years of college,,,Christianity,,,,,,,,
115056491567,26,Non-binary,,,,Black or African American,,,,,,,Louisiana,Urban,"Single, never married",Graduated from high school,,,Christianity,Judaism,,,,,,,
115056493074,31,Cisgender man,,,Asian or Asian American,,,,,,,,Illinois,Urban,Married,Graduated from college,,,,,,,,,,No religion,
115056489970,30,Cisgender woman,,,,,,,,White,,,Illinois,Suburban,Cohabiting with a significant other or in a domestic partnership,Graduated from college,,,,,,,,,,No religion,
115056490248,31,Cisgender woman,,,,,,,,White,,,Indiana,Suburban,Married,Some graduate school,,,,,,,,,,No religion,
115056486928,55,Cisgender man,,,,,,,,White,,,Alabama,Suburban,Married,Graduated from college,,,Christianity,,,,,,,,
115056489511,36,Cisgender man,,,,,,,,White,,,Illinois,Urban,Cohabiting with a significant other or in a domestic partnership,Some graduate school,,,,,,,,,,No religion,
115056493998,48,Cisgender woman,,,,,,,,White,,,Missouri,Urban,Divorced,Graduated from high school,,,Christianity,,,,,,,,
115056489925,46,Cisgender woman,,,,,,,,White,,,Texas,Suburban,Cohabiting with a significant other or in a domestic partnership,2 years of college,Protestantism,,Christianity,,,,,,,,
115056492801,24,Cisgender man,,,,,Hispanic or Latino,,,,,,New York,Suburban,Married,Graduated from college,Protestantism,,,,,,,,,,
115056489060,38,Cisgender man,,,,,,,,White,,,Pennsylvania,Suburban,Married,Graduated from college,,,,,,,,,,,Wicca/Pagan
115056483989,45,Cisgender woman,,,,,,,,White,,,Utah,Suburban,Married,3 years of college,,,Christianity,,,,,,,,
115056486140,29,Cisgender woman,,,,,,,,White,,,Minnesota,Suburban,Married,Graduated from college,,,,,,,,,,No religion,
115056480387,73,Cisgender man,,,,,,,,White,,,California,Suburban,Married,Completed graduate school,,,,,,,,,,No religion,
115056489061,35,Cisgender man,,,,,,,,White,,,Illinois,Suburban,Married,Graduated from college,,,,,,,,,,No religion,
115056488436,29,Non-binary,Man,,,,,,,White,,,Nebraska,Urban,"Single, never married",Graduated from high school,,,,,,,,,,No religion,
115056490057,29,Cisgender woman,,,,,,,,White,,,Wisconsin,Urban,Cohabiting with a significant other or in a domestic partnership,2 years of college,,,,,,,,,,No religion,
115056476670,33,Cisgender woman,,,,,,,,White,,,Oregon,Suburban,Married,2 years of college,,,Christianity,,,,,,,,
115056484082,49,Cisgender woman,,,Asian or Asian American,,,,,,,,California,Suburban,"Single, never married",Completed graduate school,,,,,,,,,,No religion,
115056488531,25,Cisgender woman,,,,,Hispanic or Latino,,,,,,Florida,Suburban,"Single, never married",Graduated from college,,,Christianity,,,,,,,,
115056486762,36,Cisgender woman,,,,,,,,White,,,Virginia,Suburban,Cohabiting with a significant other or in a domestic partnership,Graduated from college,,,,,,,,,,No religion,
115056483310,45,Cisgender woman,,,,Black or African American,,,,,,,Texas,Suburban,"Single, never married",Graduated from college,Protestantism,,Christianity,,,,,,,,
115056480356,20,Cisgender woman,,,,,,,,White,,,Florida,Urban,"Single, never married",1 year of college,Protestantism,,Christianity,,,,,,,,
115056486823,29,Cisgender man,,,Asian or Asian American,,,,,,,,Washington,Suburban,"Single, never married",Completed graduate school,,,,,,,,,,No religion,
115056480391,56,Cisgender man,,,,,,,,White,,,Oregon,Urban,Divorced,Graduated from college,,,,,,,,,,No religion,
115056480303,48,Cisgender man,,,,Black or African American,,,,,,,New Jersey,Urban,Separated,11th grade,,,Christianity,,,,,,,,
115056484317,48,Cisgender woman,,,,,,,,White,,,New York,Urban,Cohabiting with a significant other or in a domestic partnership,2 years of college,,,,,,,,,,No religion,
115056482241,60,Cisgender woman,,,,,,,,White,,,Florida,Urban,Divorced,Graduated from college,,,,,,Buddhism,,,,,
115056484045,38,Cisgender woman,,,,,,,,White,,,California,Suburban,Married,Graduated from college,,,Christianity,,,,,,,,
115056479382,38,Cisgender woman,,,,,,,,White,,,New Jersey,Suburban,Married,1 year of college,,,Christianity,,,,,,,,
115056483736,32,Cisgender man,,,,,Hispanic or Latino,,,,,,New York,Urban,"Single, never married",Graduated from college,,Catholicism,,,,,,,,,
115056480811,33,Gender fluid,,,Asian or Asian American,,,,,,,,California,Urban,"Single, never married",Graduated from high school,,,Christianity,,,,,,,,
115056481090,44,Cisgender man,,,,Black or African American,,,,,,,North Carolina,Urban,"Single, never married",2 years of college,,,Christianity,,,,,,,,
115056477928,28,Cisgender man,,,,,Hispanic or Latino,,,,,,Arizona,Suburban,Married,2 years of college,,,Christianity,,,,,,,,
115056477306,27,Cisgender man,,,,,,,,White,,,Ohio,Suburban,Married,Graduated from college,,,,,,,,,,No religion,
115056480290,21,Gender fluid,,,,Black or African American,Hispanic or Latino,,,White,,,New York,Urban,"Single, never married",2 years of college,,,Christianity,,,,,,,,
115056481062,38,Cisgender woman,,,,,,,,White,,,California,Exurban,Married,Graduated from college,,,,,,,,,,No religion,
115056479319,29,Cisgender woman,,,,,Hispanic or Latino,,,,,,California,Suburban,"Single, never married",Graduated from college,,,,,,,,,,No religion,
115056481608,36,Cisgender woman,,,,,,,,White,,,Georgia,Suburban,Married,Some graduate school,,,Christianity,,,,,,,,
115056475614,34,Cisgender man,,,,,,,,White,,,Washington,Suburban,"Single, never married",Graduated from high school,,,,,,,,,Inter/Non-denominational,,
115056480701,42,Cisgender man,,,,,,,,White,,,Florida,Suburban,Married,Graduated from college,,,,,,,,,,No religion,
115056479246,42,Cisgender man,,,,,,,,White,,,Ohio,Suburban,Married,Completed graduate school,,,,,,,,,,No religion,
115056480180,36,Cisgender man,,,Asian or Asian American,,,,,,,,California,Suburban,"Single, never married",Graduated from high school,,,,,,,,,,No religion,
115056479514,48,Cisgender woman,,,,,,,,White,,,Texas,Suburban,Married,Completed graduate school,,,,,,,,,,No religion,
115056476225,28,Cisgender man,,,,,,,,White,,,New York,Urban,Cohabiting with a significant other or in a domestic partnership,Graduated from college,,,,,,,,,,No religion,
115056480247,30,Cisgender woman,,,,,Hispanic or Latino,,,,,,Texas,Suburban,Cohabiting with a significant other or in a domestic partnership,2 years of college,,,,,,,,,Inter/Non-denominational,,
115056478724,27,Cisgender woman,,,,,,,,White,,,Oklahoma,Urban,Married,2 years of college,,,,,,,,,,No religion,
115056479070,25,Cisgender woman,,,,,,Middle Eastern or North African,,White,,,New Jersey,Suburban,"Single, never married",Graduated from college,,,,Judaism,,,,,,,
115056480582,34,Cisgender man,,,,,,,,White,,,New York,Urban,Separated,Graduated from college,,,,,,,,,,No religion,
115056479229,26,Cisgender woman,,,,Black or African American,,,,,,,Alabama,Rural,Cohabiting with a significant other or in a domestic partnership,2 years of college,,,Christianity,,,,,,,,
115056482546,25,Cisgender woman,,,,,,,,White,,,Arizona,Suburban,Married,Graduated from college,,,,,,,,,,No religion,
115056469721,42,Cisgender man,,,Asian or Asian American,Black or African American,,,,,,,Kentucky,Suburban,"Single, never married",Graduated from college,,Catholicism,,,,,,,,,
115056479001,41,Cisgender man,,,,,Hispanic or Latino,,,,,,Florida,Suburban,Divorced,Completed graduate school,,Catholicism,,,,,,,,,
115056474990,43,Cisgender woman,,,,,Hispanic or Latino,,,,,,Florida,Suburban,Married,11th grade,Protestantism,,,,,,,,,,
115056478367,40,Cisgender woman,,,,,,,,White,,,Tennessee,Suburban,Married,3 years of college,,,Christianity,,,,,,,,
115056476877,19,Cisgender woman,,,,,,,,White,,,Colorado,Suburban,"Single, never married",2 years of college,Protestantism,,Christianity,,,,,,,,
115056472522,31,Cisgender woman,,,Asian or Asian American,,,,,,,,Florida,Suburban,"Single, never married",Graduated from college,,,,,,,,,,No religion,
115056478170,36,Cisgender woman,,,,,,,,White,,,Kentucky,Rural,Married,2 years of college,,,,,,,,,,No religion,
115056478307,51,Cisgender woman,,,,,,,,White,,,New York,Urban,Married,Graduated from high school,,Catholicism,,,,,,,,,
115056474606,33,Cisgender woman,,,,,Hispanic or Latino,,,,,,California,Urban,"Single, never married",3 years of college,,,,,,,,,,No religion,
115056473197,39,Cisgender man,,,,,,,,White,,,Arizona,Suburban,Married,1 year of college,,,Christianity,,,,,,,,
115056477267,26,Cisgender woman,,,,,Hispanic or Latino,,,White,,,Illinois,Suburban,"Single, never married",2 years of college,,Catholicism,,,,,,,,,
115056476952,28,Cisgender man,,,,,,,,White,,,Michigan,Urban,Cohabiting with a significant other or in a domestic partnership,Graduated from college,,,,,,,,,,No religion,
115056476128,22,Cisgender woman,,,Asian or Asian American,,,,,,,,New York,Urban,"Single, never married",3 years of college,,,,,,,,,,No religion,
115056474002,62,Cisgender woman,,,,,,,,White,,,New Hampshire,Rural,Married,Graduated from college,,,,,,,,,,No religion,
115056475479,35,Cisgender woman,,,Asian or Asian American,,,,,White,,,Texas,Suburban,Cohabiting with a significant other or in a domestic partnership,Graduated from college,Protestantism,,Christianity,,,,,,,,
115056475092,35,Cisgender woman,,,,,,,,White,,,Wisconsin,Rural,Married,3 years of college,,,,,,,,,,No religion,
115056475900,21,Cisgender man,,,,,,,,White,,,California,Suburban,"Single, never married",3 years of college,,,,,,Buddhism,,,,,
115056470182,42,Cisgender man,,,,,,,,White,,,Louisiana,Urban,Married,Graduated from high school,,,,,,,,,,,Agnostic
115056468150,30,Cisgender woman,,,,Black or African American,Hispanic or Latino,,,White,,,California,Urban,Cohabiting with a significant other or in a domestic partnership,2 years of college,,,,,,,,,,No religion,
115056474962,42,Gender fluid,Normal man,,,,,,,White,,,Oregon,Rural,Cohabiting with a significant other or in a domestic partnership,Graduated from high school,,,Christianity,,,,,,,,
115056475668,26,Cisgender man,,,,,,,,White,,,Virginia,Suburban,"Single, never married",Graduated from college,Protestantism,,,,,,,,,,
115056473309,21,Cisgender man,,,,,Hispanic or Latino,,,White,,,New Jersey,Urban,"Single, never married",2 years of college,,,Christianity,,,,,,,,
115056475405,30,Cisgender man,,,,,,,,White,,,Pennsylvania,Suburban,Cohabiting with a significant other or in a domestic partnership,Graduated from college,,,,,,,,,Inter/Non-denominational,,
115056474239,53,Cisgender man,,,Asian or Asian American,,,,,,,,California,Suburban,Married,Graduated from college,,,Christianity,,,,,,,,
115056472713,48,Cisgender man,,,,,,,,White,,,Florida,Urban,Married,Graduated from college,,,,,,,,,,No religion,
115056475035,38,Cisgender woman,,,,,,,,White,,,Wisconsin,Suburban,Married,2 years of college,,,,,,,,,,No religion,
115056471879,41,Cisgender man,,,,,,,,White,,,New Jersey,Suburban,Married,Graduated from college,Protestantism,,,,,,,,,,
115056474274,36,Cisgender man,,,,,,,,White,,,Florida,Urban,"Single, never married",Graduated from college,,,Christianity,,,,,,,,
115056470251,44,Cisgender woman,,,,Black or African American,,,,,,,Alabama,Urban,"Single, never married",3 years of college,,,Christianity,,,,,,,,
115056470957,37,Cisgender man,,,,,,,,White,,,Ohio,Suburban,"Single, never married",Graduated from college,Protestantism,,Christianity,,,,,,,,
115056472003,41,Cisgender man,,,,,,,,White,,,Colorado,Suburban,Married,Graduated from high school,,,Christianity,,,,,,,,
115056472421,35,Cisgender man,,,,,Hispanic or Latino,,,,,,Michigan,Suburban,Cohabiting with a significant other or in a domestic partnership,Graduated from college,,Catholicism,,,,,,,,,
115056470461,53,Cisgender man,,,,,,,,White,,,West Virginia,Suburban,Cohabiting with a significant other or in a domestic partnership,2 years of college,,,,,,,,,,,Atheist
115056470205,58,Cisgender woman,,,,,,,,White,,,Louisiana,Rural,Married,Completed graduate school,Protestantism,,Christianity,,,,,,,,
115056475218,,,,,,,,,,,,,,,,,,,,,,,,,,,
115056467613,33,Cisgender man,,,,,,,,White,,,Wisconsin,Suburban,"Single, never married",Graduated from high school,,,,,,,,,,No religion,
115056469557,38,Cisgender woman,,,,Black or African American,,,,,,,Michigan,Urban,Married,2 years of college,,,Christianity,,,,,,,,
115056467570,29,Cisgender man,,,,,Hispanic or Latino,,,,,,Texas,Urban,"Single, never married",Graduated from high school,,Catholicism,,,,,,,,,
115056460471,31,Cisgender woman,,American Indian or Alaska Native,,,,,,,,,Oklahoma,Rural,"Single, never married",Graduated from high school,,,Christianity,,,,,Native American,,,
115056453728,34,Cisgender woman,,,,Black or African American,,,,,,,New Jersey,Urban,Married,1 year of college,,,Christianity,,,,,,,,
115056470114,21,Cisgender man,,,,,,,,White,,,Michigan,Suburban,"Single, never married",Graduated from high school,,,,,,,,,,No religion,
115056469608,32,Cisgender woman,,,,,,,,White,,,South Carolina,Suburban,"Single, never married",Graduated from college,,,,,,,,,,No religion,
115056469864,45,Cisgender woman,,,,,,,,White,,,Nebraska,Suburban,Married,Graduated from college,,,,,,,,,,No religion,
115056473029,34,Cisgender man,,,Asian or Asian American,,,,,,,,Illinois,Suburban,"Single, never married",Some graduate school,,,,,,,,,,No religion,
115056469996,42,Cisgender woman,,,,,,,,White,,,Maryland,Suburban,Divorced,1 year of college,,,,,,,,,,No religion,
115056468661,26,Cisgender woman,,,,,Hispanic or Latino,,,White,,,Mississippi,Suburban,"Single, never married",2 years of college,,,,,,,,,,No religion,
115056472610,31,Transgender man,,,,,,,,White,,,New Mexico,Suburban,Married,Completed graduate school,,,,,,,,,,No religion,
115056468685,35,Cisgender man,,,,,,,,White,,,New York,Urban,Cohabiting with a significant other or in a domestic partnership,1 year of college,,Catholicism,,,,,,,,,
115056468838,39,Cisgender man,,,,,Hispanic or Latino,,,,,,California,Suburban,Married,2 years of college,,Catholicism,,,,,,,,,
115056463349,38,Cisgender man,,,,,,,,White,,,South Carolina,Suburban,Married,2 years of college,,Catholicism,,,,,,,,,
115056466279,31,Cisgender man,,,,,Hispanic or Latino,,,,,,Indiana,Urban,"Single, never married",Graduated from college,,,Christianity,,,,,,,,
115056464494,45,Cisgender man,,,,,,,,White,,,California,Suburban,Married,Graduated from college,,,Christianity,,,,,,,,
115056467699,37,Cisgender man,,,,Black or African American,,,,,,,Virginia,Suburban,"Single, never married",Graduated from college,,,Christianity,,,,,,,,
115056464695,41,Cisgender man,,American Indian or Alaska Native,,,Hispanic or Latino,Middle Eastern or North African,,White,,,Delaware,Suburban,"Single, never married",Completed graduate school,,Catholicism,Christianity,,,,,,,,
115056458476,44,Cisgender man,,,,,,,,White,,,Oregon,Rural,Married,3 years of college,,,,,,,,,,No religion,
115056463564,48,Cisgender man,,,,,,,,White,,,Indiana,Rural,"Single, never married",2 years of college,,,,,,,,,,No religion,
115056444789,36,Cisgender man,,,,,Hispanic or Latino,,,,,,North Carolina,Urban,"Single, never married",9th grade,,,,,,,,,,No religion,
115056465643,40,Cisgender woman,,,,,,,,White,,,Virginia,Suburban,Cohabiting with a significant other or in a domestic partnership,Graduated from college,,,,,,,,,,No religion,
115056464686,26,Cisgender woman,,,,Black or African American,,,,,,,New York,Urban,"Single, never married",Graduated from high school,,,,,,,,,,No religion,
115056465244,56,Cisgender woman,,,,Black or African American,,,,,,,Texas,Suburban,Married,Graduated from college,,Catholicism,,,,,,,,,
115056466765,27,Cisgender woman,,,,,,,,White,,,Florida,Suburban,"Single, never married",Completed graduate school,Protestantism,,Christianity,,,,,,,,
115056467305,34,Cisgender woman,,,Asian or Asian American,,,,,,,,Pennsylvania,Suburban,Cohabiting with a significant other or in a domestic partnership,Completed graduate school,,,,,,Buddhism,,,,,
115056465791,48,Cisgender man,,,,,,,,,,Biracial,Texas,Urban,Married,Graduated from college,,,Christianity,,,,,,,,
115056464793,50,Cisgender woman,,,,,,,,White,,,Pennsylvania,Suburban,Married,Completed graduate school,,Catholicism,,Judaism,,,,,,,
115056464674,49,Cisgender woman,,,,,,,,White,,,New York,Suburban,Divorced,1 year of college,,,,,,,,,,No religion,
115056466191,44,Cisgender man,,,,,,,,White,,,Minnesota,Rural,Married,Graduated from college,,,,,,,,,,No religion,
115056465290,23,Gender queer,,,,,,,,White,,,Virginia,Urban,"Single, never married",Graduated from college,,,,,,,,,,No religion,
115056458781,75,Cisgender man,,,,,,,,White,,,Oregon,Exurban,Widowed,Some graduate school,,,,,,,,,,,Agnostic polytheism
115056465151,41,Cisgender woman,,,,,Hispanic or Latino,,,,,,California,Suburban,Married,Graduated from college,,Catholicism,,,,,,,,,
115056463789,28,Cisgender man,,,,Black or African American,,,,,,,Florida,Urban,"Single, never married",Graduated from high school,,,Christianity,,,,,,,,
115056464366,29,Cisgender woman,,,,,,,,White,,,California,Urban,"Single, never married",2 years of college,,,,,,,,,,No religion,
115056465029,23,Cisgender woman,,,,,Hispanic or Latino,,,White,,,Washington,Suburban,"Single, never married",1 year of college,,,Christianity,,,,,,,,
115056459750,39,Cisgender woman,,American Indian or Alaska Native,,,,,,White,,,Idaho,Suburban,Married,2 years of college,,,Christianity,,,,,,,,
115056461925,46,Cisgender woman,,,,,Hispanic or Latino,,,,,,California,Suburban,Married,Graduated from college,Protestantism,,,,,,,,,,
115056463656,49,Cisgender man,,,,,,,,White,,,Texas,Suburban,Married,Graduated from college,,Catholicism,,,,,,,,,
115056461863,37,Cisgender man,,,Asian or Asian American,,,,,,,,Nevada,Urban,"Single, never married",2 years of college,,Catholicism,,,,,,,,,
115056458877,54,Cisgender woman,,,,,,,,White,,,Florida,Urban,"Single, never married",2 years of college,,,,Judaism,,,,,,,
115056463928,31,Cisgender woman,,,Asian or Asian American,,,,,,,,Texas,Suburban,Married,Completed graduate school,,,,,,,,,,No religion,
115056462597,32,Cisgender woman,,,Asian or Asian American,,,,,White,,,Florida,Exurban,Married,Graduated from college,,,,,,,,,,No religion,
115056459284,39,Cisgender man,,,,,,,,White,,,Ohio,Suburban,Cohabiting with a significant other or in a domestic partnership,Graduated from high school,,,,,,Buddhism,,,,,
115056460224,35,Cisgender woman,,,,,,,,White,,,Massachusetts,Suburban,"Single, never married",Some graduate school,,,,,,,,,,,Unitarian Universalist
115056455804,38,Cisgender man,,,,,,,,White,,,Connecticut,Suburban,"Single, never married",Graduated from college,,Catholicism,,,,,,,,,
115056458881,49,Cisgender man,Male,,,,,,,White,,,Washington,Rural,Married,Some graduate school,,,Christianity,,,,,,,,
115056459312,40,Cisgender man,,,Asian or Asian American,,,,,,,,California,Suburban,"Single, never married",Graduated from college,,,,,,,,,,No religion,
115056454932,49,Cisgender man,,,Asian or Asian American,,,,,,,,New York,Suburban,"Single, never married",Graduated from college,Protestantism,,Christianity,,,,,,,,
115056460035,38,Cisgender man,,,,Black or African American,,,,,,,North Carolina,Urban,"Single, never married",2 years of college,,,,,,,,,,No religion,
115056443171,43,Cisgender man,,,,,,,,White,,,Washington,Suburban,"Single, never married",1 year of college,,Catholicism,,,,,,,,,
115056461396,27,Cisgender man,,,,,Hispanic or Latino,,,White,,,Texas,Suburban,"Single, never married",Graduated from college,,,,,,,,,,No religion,
115056459889,39,Cisgender man,,,,Black or African American,,,,,,,Pennsylvania,Suburban,Married,Graduated from college,,,,,,,,,,No religion,
115056456198,55,Cisgender woman,,,,,,,,White,,,Texas,Rural,Divorced,Graduated from high school,,,Christianity,,,,,,,,
115056459294,27,Cisgender woman,,,Asian or Asian American,,,,,,,,Colorado,Rural,Married,Graduated from college,Protestantism,,,,,,,,,,
115056458870,48,Cisgender woman,,,,,,,,White,,,New Jersey,Suburban,"Single, never married",Completed graduate school,,,,Judaism,,,,,,,
115056457534,33,Cisgender man,,,,,,,,White,,,Colorado,Suburban,Married,Graduated from college,Protestantism,,,,,,,,,,
115056458627,26,Cisgender woman,,,,Black or African American,,,,,,,Georgia,Urban,"Single, never married",Graduated from high school,,,,,,,,,,No religion,
115056459785,61,Cisgender woman,,,,,,,,White,,,Indiana,Urban,Married,Graduated from high school,Protestantism,,,,,,,,,,
115056462810,43,Cisgender woman,,,,,Hispanic or Latino,,,White,,,New Jersey,Suburban,Married,Graduated from college,,,,,,,,,,No religion,
115056461036,42,Cisgender man,,,,,,,,White,,,Texas,Suburban,Married,Graduated from college,,,,,,,,,,No religion,
115056456682,23,Cisgender woman,,,,Black or African American,Hispanic or Latino,,,,,,Texas,Urban,"Single, never married",Graduated from college,,,,,,,,,,No religion,
115056441499,37,Cisgender man,,,,,,,,White,,,Missouri,Suburban,Cohabiting with a significant other or in a domestic partnership,2 years of college,,Catholicism,,,,,,,,,
115056459113,44,Cisgender man,,,,,,,,,Another race,,New Jersey,Suburban,Married,2 years of college,,,,,,,,,,No religion,
115056459512,39,Cisgender woman,,,,,,,,White,,,Oklahoma,Suburban,Married,Completed graduate school,Protestantism,,Christianity,,,,,,,,
115056459519,34,Cisgender woman,,,,,,,,White,,,Ohio,Suburban,Cohabiting with a significant other or in a domestic partnership,Graduated from college,,,Christianity,,,,,,,,
115056458931,31,Cisgender woman,,,,Black or African American,,,,,,,North Carolina,Rural,"Single, never married",2 years of college,,,,,,,,,,No religion,
115056461428,49,Non-binary,Man,,,,,,,White,,,North Dakota,Urban,Divorced,2 years of college,,,,,,,,,,No religion,
115056459296,42,Cisgender man,,,,,,,,White,,,Ohio,Suburban,Married,2 years of college,,Catholicism,,,,,,,,,
115056457549,44,Cisgender man,,,,,Hispanic or Latino,,,White,,,New York,Suburban,Married,Graduated from college,,,,Judaism,,,,,,,
115056459880,25,Cisgender man,,,Asian or Asian American,,,,,,,,Illinois,Suburban,Married,Graduated from college,,Catholicism,,,,,,,,,
115056436138,45,Cisgender man,,,,,,,,White,,,North Carolina,Suburban,Separated,2 years of college,,,,,,,,,,No religion,
115056457839,32,Cisgender woman,,,Asian or Asian American,,,,,,,,Georgia,Suburban,Married,Completed graduate school,Protestantism,,Christianity,,,,,,,,
115056456216,36,Cisgender man,,,,,Hispanic or Latino,,,,,,Colorado,Urban,Married,Completed graduate school,,Catholicism,,,,,,,,,
115056458116,33,Cisgender man,,,,,,,,White,,,California,Suburban,Married,Graduated from college,,,,,,,,,,No religion,
115056457573,46,Cisgender woman,,,,,,,,White,,,Washington,Suburban,Married,Completed graduate school,,Catholicism,,,,,,,,,
115056457908,21,Cisgender man,,,Asian or Asian American,,,,,,,,Massachusetts,Suburban,Prefer not to answer,3 years of college,,,Christianity,,,,,,,,
115056454745,48,Cisgender man,,,Asian or Asian American,,,,,White,,,California,Urban,"Single, never married",11th grade,,,,,,,,,,No religion,
115056455936,50,Cisgender man,,,,,,,,White,,,Washington,Suburban,"Single, never married",Graduated from college,,,,,,,,,,No religion,
115056457961,35,Cisgender woman,,,,,Hispanic or Latino,,,,,,Arizona,Urban,Married,Graduated from high school,,Catholicism,,,,,,,,,
115056459929,32,Cisgender man,,,,,,,,White,,,Michigan,Urban,Married,2 years of college,,,Christianity,,,,,,,,
115056453584,32,Cisgender woman,,,,,,,,White,,,Colorado,Suburban,"Single, never married",Completed graduate school,,,,,,,,,,No religion,
115056453164,55,Cisgender woman,,,,,,,,White,,,New York,Rural,Divorced,Graduated from college,Protestantism,,Christianity,,,,,,,,
115056455526,37,Cisgender man,,,,,,,,White,,,New York,Urban,Married,1 year of college,,,,,,,,,,No religion,
115056454000,72,Cisgender woman,,,,,,,,White,,,Florida,Suburban,Divorced,Completed graduate school,Protestantism,,,,,,,,,,
115056451678,39,Cisgender man,,,Asian or Asian American,,,,,,,,California,Suburban,Married,Completed graduate school,Protestantism,,,,,,,,,,
115056445477,28,Cisgender man,,,,Black or African American,,,,,,,Illinois,Rural,"Single, never married",2 years of college,,,Christianity,,,,,,,,
115056443053,46,Cisgender woman,,,,Black or African American,Hispanic or Latino,,,,,,New York,Urban,Divorced,1 year of college,Protestantism,,Christianity,,,,,,Inter/Non-denominational,,
115056450470,64,Cisgender woman,,,,,,,,White,,,New York,Urban,Cohabiting with a significant other or in a domestic partnership,Graduated from high school,Protestantism,,,,,,,,,,
115056449719,72,Cisgender woman,,,,Black or African American,,,,,,,Pennsylvania,Suburban,Widowed,1 year of college,,,,Judaism,,,,,,,
115056451250,34,Cisgender man,,,,,,,,White,,,Arkansas,Suburban,"Single, never married",Graduated from college,,,,,,,,,,No religion,
115056457234,69,Cisgender woman,,,,,,,,White,,,Arizona,Urban,Widowed,3 years of college,,,,,,,,,,No religion,
115056454501,31,Non-binary,,,,,Hispanic or Latino,,,,,,Illinois,Urban,"Single, never married",Graduated from high school,,,,,,,,,,No religion,
115056456036,48,Cisgender man,,,Asian or Asian American,,,,,,,,California,Suburban,Married,Completed graduate school,,,,,,,,,,No religion,
115056450149,41,Cisgender woman,,,,,,,,White,,,North Carolina,Suburban,Married,Completed graduate school,,,,,,,,,,No religion,
115056455580,21,Cisgender man,,,Asian or Asian American,,,,,,,,New Jersey,Suburban,"Single, never married",3 years of college,,,Christianity,,,,,,,,
115056451920,43,Cisgender woman,,,,,,,,White,,,Kansas,Suburban,Cohabiting with a significant other or in a domestic partnership,2 years of college,,,,,,,,,,No religion,
115056454665,28,Cisgender man,,,,,,,,White,,,Massachusetts,Urban,Married,Graduated from college,,,,,,,,,,No religion,
115056453256,33,Cisgender woman,,,,,,,,White,,,Utah,Suburban,Married,Graduated from high school,,,,,,,,,,No religion,
115056451069,54,Cisgender man,,,,,,,,White,,,Tennessee,Urban,Divorced,Completed graduate school,,,,,,,,,,No religion,
115056449795,42,Cisgender woman,,,Asian or Asian American,,,,,,,,Florida,Suburban,Married,Completed graduate school,,,,,,,Hinduism,,,,
115056447391,71,Cisgender woman,,,,,,,,White,,,Massachusetts,Suburban,Divorced,2 years of college,,,,,,,,,,,Spiritual leaning Buddhist
115056451375,23,Cisgender woman,,,,Black or African American,,,,,,,New York,Urban,"Single, never married",3 years of college,,,Christianity,,,,,,,,
115056453022,44,Cisgender man,,,,,,,,White,,,New York,Rural,Cohabiting with a significant other or in a domestic partnership,Graduated from college,,,,,,,,,,No religion,
115056450621,35,Cisgender woman,,,,,,,,White,,,North Carolina,Suburban,Married,2 years of college,,,Christianity,,,,,,,,
115056434047,66,Cisgender man,,,,,,,,White,,,Ohio,Suburban,Married,Graduated from college,,Catholicism,,,,,Hinduism,,,No religion,
115056449162,64,Cisgender woman,,,,,,,,White,,,Washington,Rural,Divorced,Graduated from college,Protestantism,,,,,,,,,,
115056453000,41,Cisgender woman,,,,,,,,White,,,Michigan,Suburban,Married,Completed graduate school,,,,,,,,,,No religion,
115056453720,32,Cisgender woman,,,,,,,,White,,,West Virginia,Suburban,Cohabiting with a significant other or in a domestic partnership,1 year of college,,,,,,,,,,No religion,
115056453784,36,Cisgender woman,,,,,,,,White,,,South Carolina,Urban,Separated,Graduated from college,,,,,,,,,,No religion,
115056452950,41,Cisgender man,,,,,,,,White,,,Michigan,Urban,Married,Completed graduate school,,,,,,,,,,No religion,
115056454285,36,Cisgender man,,,,,,,,White,,,Wisconsin,Suburban,"Single, never married",Graduated from college,,,,,,,,,,No religion,
115056448239,51,Cisgender woman,,,,,,,,White,,,Pennsylvania,Rural,Cohabiting with a significant other or in a domestic partnership,Graduated from college,,Catholicism,,,,,,,,,
115056450195,43,Cisgender woman,,,,,,,,White,,,Virginia,Suburban,Married,Completed graduate school,Protestantism,,,,,,,,,,
115056449894,70,Cisgender man,,,,,,,,White,,,Pennsylvania,Suburban,Married,Completed graduate school,,,,,,,,,,No religion,
115056454363,31,Cisgender man,,,,,,,,White,,,Georgia,Urban,"Single, never married",Completed graduate school,,,,,,,,,,No religion,
115056450705,64,Cisgender woman,,,,,Hispanic or Latino,,,,,,Pennsylvania,Suburban,"Single, never married",2 years of college,,,,,,,,,,No religion,
115056451018,63,Cisgender woman,,,,,,,,White,,,Maine,Suburban,Divorced,Graduated from college,,,,,,,,,,No religion,
115056448113,43,Cisgender woman,,,Asian or Asian American,,,,,,,,Illinois,Urban,Cohabiting with a significant other or in a domestic partnership,Graduated from college,,,,,,,,,,,Agnostic
115056451760,27,Cisgender woman,,,,,,,,White,,,Virginia,Suburban,"Single, never married",Some graduate school,,,,,,,,,,No religion,
115056448176,69,Cisgender woman,,,,,,,,White,,,South Carolina,Exurban,Cohabiting with a significant other or in a domestic partnership,2 years of college,Protestantism,,,,,,,,,,
115056447740,32,Cisgender woman,,,,,,,,White,,,Georgia,Suburban,Married,2 years of college,,,,,,,,,,No religion,
115056451900,35,Cisgender woman,,,Asian or Asian American,,,,,,,,California,Urban,Married,Graduated from college,,Catholicism,,,,,,,,,
115056451452,32,Cisgender man,,,,,,,,White,,,Minnesota,Suburban,Married,Graduated from college,,,,,,,,,,No religion,
115056445420,71,Cisgender woman,,,,,,,,White,,,Illinois,Suburban,Married,Graduated from college,,Catholicism,,,,,,,,,
115056449309,56,Cisgender man,,,,,,,,White,,,Florida,Suburban,Married,Graduated from college,,,,,,,,,,No religion,
115056450485,57,Cisgender man,,,,,,,,White,,,Illinois,Urban,"Single, never married",Graduated from college,,,,,,,,,,No religion,
115056449107,77,Cisgender man,,,,,,,,White,,,Washington,Urban,Married,Completed graduate school,,,,Judaism,,,,,,,
115056449951,43,Cisgender woman,,,,,,,,White,,,Michigan,Suburban,Married,Graduated from college,,,,,,,,,,No religion,
115056449277,62,Cisgender man,,,,,,,,White,,,New York,Rural,Married,Completed graduate school,,Catholicism,,,,,,,,,
115056447295,78,Cisgender woman,,,,,,,,White,,,California,Suburban,Divorced,Graduated from college,,,,Judaism,,,,,,,
115056451579,29,Cisgender man,,,,,,,,White,,,Tennessee,Suburban,Married,Completed graduate school,Protestantism,,,,,,,,,,
115056450471,32,Cisgender man,,,,,,,,White,,,New York,Urban,"Single, never married",Completed graduate school,,,,,,,,,,No religion,
115056446284,60,Cisgender man,,,,,,,,White,,,Georgia,Urban,Divorced,Graduated from college,,,,,,,,,,No religion,
115056449434,46,Cisgender man,,,,,,,,White,,,New York,Suburban,Married,Graduated from college,,,,,,,,,,No religion,
115056448931,30,Cisgender woman,,,,,,,,White,,,Pennsylvania,Suburban,"Single, never married",Graduated from college,,,Christianity,,,,,,,,
115056441426,29,Cisgender man,,,,,,,,White,,,Colorado,Suburban,"Single, never married",2 years of college,,,,,,,,,,No religion,
115056445367,20,Cisgender man,,,,Black or African American,,,,,,,Pennsylvania,Suburban,"Single, never married",2 years of college,,,Christianity,,,,,,,,
115056446755,35,Cisgender man,,,,,,,,White,,,California,Exurban,Married,Completed graduate school,,,,,,,,,,No religion,
115056449831,41,Cisgender man,,,,,,,,White,,,North Carolina,Suburban,Married,Graduated from college,,,,,,,,,,No religion,
115056449040,38,Cisgender man,,,,,,,,White,,,New York,Suburban,Married,Completed graduate school,,,,,,,,,,No religion,
115056446353,38,Gender queer,,,,,,,,White,,,Ohio,Exurban,"Single, never married",3 years of college,,,,,,,,,,,Agnostic
115056448482,28,Cisgender woman,,,,Black or African American,,,,White,,,Ohio,Suburban,Cohabiting with a significant other or in a domestic partnership,2 years of college,,,,,,,,,,No religion,
115056446668,23,Cisgender woman,,,,Black or African American,,,,,,,Mississippi,Suburban,"Single, never married",2 years of college,,,Christianity,,,,,,,,
115056448128,32,Cisgender woman,,,,,,,,White,,,Florida,Suburban,Married,1 year of college,,,,,,,,,,No religion,
115056448700,51,Cisgender woman,,,,,,,,White,,,Pennsylvania,Suburban,Married,Completed graduate school,Protestantism,,,,,,,,,,
115056445607,50,Cisgender woman,,,,,,,,White,,,New Jersey,Suburban,Married,Completed graduate school,,Catholicism,,,,,,,,,
115056445777,49,Cisgender man,,,,,,,,White,,,Arizona,Suburban,Married,Graduated from college,Protestantism,,,,,,,,,,
115056445157,30,Cisgender man,,,,,Hispanic or Latino,,,White,,,Texas,Suburban,Married,Graduated from high school,,,Christianity,,,,,,,,
115056445546,31,Cisgender woman,,,,,,,,White,,,South Carolina,Suburban,Married,2 years of college,,,,,,,,,,No religion,
115056443262,36,Cisgender man,,,,,,,,White,,,Kentucky,Rural,"Single, never married",Graduated from high school,Protestantism,,Christianity,,,,,,,,
115056444473,48,Cisgender man,,,,,,,,White,,,Minnesota,Rural,"Single, never married",Graduated from college,Protestantism,,Christianity,,,,,,,,
115056441329,54,Cisgender man,,,,Black or African American,,,,,,,Texas,Suburban,Divorced,2 years of college,,,,,,,,,,No religion,
115056440879,33,Cisgender man,,,Asian or Asian American,,,,,,,,Georgia,Suburban,"Single, never married",Graduated from high school,,,,,,,,,,No religion,
115056439287,39,Cisgender woman,,,,,,,,White,,,Ohio,Suburban,Married,Graduated from college,Protestantism,,,,,,,,,,
115056446242,47,Cisgender man,,,,,,,,White,,,Michigan,Urban,"Single, never married",Graduated from college,,,,,,,,,,No religion,
115056433853,28,Cisgender man,,,,,,,,White,,,California,Urban,Widowed,Graduated from high school,,,,,,,,,,No religion,
115056444044,55,Cisgender man,,,,,,,,White,,,New York,Rural,Married,Completed graduate school,Protestantism,,,,,,,,,,
115056444122,39,Cisgender man,,,Asian or Asian American,,,,,,,,Pennsylvania,Suburban,"Single, never married",Graduated from college,,Catholicism,,,,,,,,,
115056443225,49,Cisgender man,,,,,,,,White,,,Oklahoma,Urban,"Single, never married",2 years of college,,,,,,,,,,No religion,
115056442785,33,Cisgender man,,,,,,,,White,,,Pennsylvania,Suburban,"Single, never married",Graduated from high school,,Catholicism,,,,,,,,,
115056442521,25,Cisgender woman,,,,,Hispanic or Latino,,,,,,Texas,Urban,Married,Graduated from college,,Catholicism,,,,,,,,,
115056433992,38,Cisgender man,,,,,,,,White,,,New York,Urban,"Single, never married",Graduated from college,,,,,,,,,,No religion,
115056444621,33,Non-binary,,,,,,,,,Another race,,Pennsylvania,Suburban,Married,3 years of college,,,,,,,,,,,Pagan
115056442508,29,Cisgender woman,,,,,,,,White,,,Florida,Suburban,Married,Graduated from high school,Protestantism,,,,,,,,,,
115056441458,43,Cisgender man,,,,,Hispanic or Latino,,,,,,California,Suburban,"Single, never married",Graduated from college,,Catholicism,,,,,,,,,
115056445643,45,Cisgender woman,,,,,,,,White,,,Florida,Suburban,Married,Graduated from college,,,,,,,,,,No religion,
115056444386,20,Cisgender woman,,,Asian or Asian American,,,,,,,,Texas,Suburban,"Single, never married",2 years of college,,Catholicism,Christianity,,,,,,,,
115056443866,18,Cisgender woman,,,,Black or African American,Hispanic or Latino,,,,,,Texas,Urban,"Single, never married",11th grade,,,Christianity,,,,,,,,
115056445444,33,Cisgender woman,,,Asian or Asian American,,,,,,,,California,Urban,Cohabiting with a significant other or in a domestic partnership,Graduated from college,,Catholicism,,,,,,,,,
115056442183,26,Cisgender woman,,,,,,,,White,,,Texas,Suburban,Cohabiting with a significant other or in a domestic partnership,Graduated from high school,,,Christianity,,,,,,,,
115056442926,38,Cisgender man,,,,,,,,White,,,Nevada,Rural,Married,3 years of college,,,,,,,,,,No religion,
115056444403,53,Cisgender man,,,,,,,,White,,,Rhode Island,Suburban,Married,Completed graduate school,,Catholicism,,,,,,,,,
115056444810,25,Cisgender man,,,,,,,,White,,,Kansas,Suburban,"Single, never married",Graduated from high school,,,,,,,,,,No religion,
115056441687,42,Cisgender woman,,,,,,,,White,,,Oregon,Suburban,Cohabiting with a significant other or in a domestic partnership,Graduated from college,,,,,,,,,,No religion,
115056443270,39,Cisgender man,,,,,,,,White,,,North Carolina,Rural,"Single, never married",Graduated from high school,,,Christianity,,,,,,,,
115056443744,36,Cisgender woman,,,Asian or Asian American,,,,,,,,Oregon,Urban,"Single, never married",Graduated from college,,,,,,,,,,No religion,
115056444744,47,Cisgender woman,,,,,,,,White,,,Colorado,Suburban,Married,Completed graduate school,,,Christianity,,,,,,,,
115056443989,25,Cisgender woman,,,,,,,,White,,,Tennessee,Suburban,"Single, never married",Graduated from college,Protestantism,,,,,,,,,,
115056442868,24,Cisgender man,,,Asian or Asian American,,,,,,,,Georgia,Suburban,Cohabiting with a significant other or in a domestic partnership,Graduated from college,,,,,,,,,,No religion,
115056436288,33,Cisgender woman,,,,,,,,White,,,Michigan,Rural,Married,Completed graduate school,,,,,,,,,,No religion,
115056434085,34,Cisgender woman,,,,,Hispanic or Latino,,,,,,New Jersey,Urban,"Single, never married",Graduated from college,,,,,,,,,,No religion,
115056440948,42,Cisgender woman,,,,,,,,White,,,New Jersey,Suburban,"Single, never married",Completed graduate school,Protestantism,,,,,,,,,,
115056435692,42,Cisgender woman,,,,,,,,White,,,Colorado,Suburban,Married,Graduated from college,,,,,,,,,,No religion,
115056443110,26,Cisgender woman,,,Asian or Asian American,,,,,,,,Minnesota,Urban,Cohabiting with a significant other or in a domestic partnership,Graduated from college,,,,,,,,,,No religion,
115056441967,70,Cisgender man,,,Asian or Asian American,,,,,,,,California,Suburban,Divorced,Graduated from college,,Catholicism,,,,,,,,,
115056438747,42,Cisgender woman,,,,,,,,White,,,Massachusetts,Rural,"Single, never married",Graduated from college,,,,,,,,,,No religion,
115056440571,45,Cisgender woman,,,,,,,,White,,,California,Urban,Married,1 year of college,,,Christianity,,,,,,Inter/Non-denominational,,
115056442923,49,Cisgender woman,,,,Black or African American,,,,,,,Texas,Rural,Divorced,Graduated from high school,,,Christianity,,,,,,,,
115056439724,51,Cisgender woman,,,,,,,,White,,,North Carolina,Suburban,Divorced,Completed graduate school,Protestantism,,,,,,,,Inter/Non-denominational,,
115056438744,45,Cisgender woman,,,,,,,,White,,,California,Suburban,Cohabiting with a significant other or in a domestic partnership,Graduated from college,,,,,,,,,,No religion,
115056441374,46,Cisgender man,,,,,,,,White,,,Delaware,Suburban,Married,Completed graduate school,,Catholicism,,,,,,,,,
115056440774,31,Cisgender man,,,Asian or Asian American,,,,,,,,Hawaii,Urban,Married,Graduated from college,,,,,,,,,,No religion,
115056440704,35,Cisgender man,,,,,Hispanic or Latino,,,,,,Texas,Urban,Married,2 years of college,,,Christianity,,,,,,,,
115056435205,42,Cisgender man,,,,,,,,White,,,Michigan,Urban,"Single, never married",Graduated from high school,,,,,,,,,,,Spiritual
115056440784,38,Cisgender man,,,,,Hispanic or Latino,,,,,,California,Suburban,Married,Graduated from high school,Protestantism,,,,,,,,,,
115056438228,48,Cisgender woman,,,,,,,,White,,,California,Rural,Divorced,Graduated from high school,,,,,,,,,,No religion,
115056439723,37,Cisgender woman,,,,,,,,White,,,Colorado,Suburban,Cohabiting with a significant other or in a domestic partnership,Graduated from college,,,,,,,,,,No religion,
115056437840,67,Cisgender man,,,,,,,,White,,,California,Suburban,Married,Graduated from college,,,,,,,,,,No religion,
115056432490,19,Cisgender woman,,,Asian or Asian American,,,,,White,,,Illinois,Suburban,Cohabiting with a significant other or in a domestic partnership,11th grade,,,,,,,,,,No religion,
115056437286,48,Cisgender woman,,,,,,,,White,,,California,Rural,Cohabiting with a significant other or in a domestic partnership,Graduated from college,,,,,,,,,,No religion,
115056443030,28,Cisgender woman,,,,Black or African American,,,,,,,New York,Urban,"Single, never married",Completed graduate school,,,,,,,,,,,Atheist
115056435807,62,Cisgender woman,,,,,,,,White,,,Arizona,Urban,Divorced,1 year of college,,,Christianity,,,,,,,,
115056438775,54,Cisgender woman,,,,,,,,White,,,Texas,Exurban,Cohabiting with a significant other or in a domestic partnership,Graduated from college,Protestantism,,,,,,,,,,
115056437788,45,Cisgender woman,,,Asian or Asian American,,,,,,,,New York,Suburban,Married,Graduated from college,Protestantism,,,,,,,,,,
115056440100,37,Cisgender man,,,,,,,,White,,,Georgia,Suburban,Cohabiting with a significant other or in a domestic partnership,Graduated from high school,,,,,,,,,,No religion,
115056438658,49,Cisgender woman,,,,,,,,White,,,Michigan,Rural,Married,Some graduate school,,,,,,,,,,No religion,
115056431297,37,Cisgender man,,,,Black or African American,,,,,,,California,Suburban,"Single, never married",Graduated from college,,,Christianity,,,,,,,,
115056439311,27,Cisgender woman,,,,,,,,White,,,Indiana,Urban,Cohabiting with a significant other or in a domestic partnership,Graduated from high school,,,,,,,,,,No religion,
115056435105,75,Cisgender man,,,,,,,,White,,,Pennsylvania,Urban,Married,Graduated from college,Protestantism,,,,,,,,,,
115056440450,41,Cisgender man,,,,,,,,White,,,Arizona,Suburban,Married,Graduated from college,,,,,,,,,,No religion,
115056441697,35,Cisgender man,,,,,,,,White,,,Florida,Suburban,Married,Graduated from college,,,Christianity,,,,,,,,
115056433482,21,Cisgender man,,,,,Hispanic or Latino,,,,,,Illinois,Urban,"Single, never married",Graduated from high school,,,,,,,,,,No religion,
115056436416,31,Cisgender woman,,,,,,,,White,,,Illinois,Rural,Married,Graduated from high school,,,Christianity,,,,,,,,
115056434597,31,Cisgender man,,,,,,,,White,,,Connecticut,Rural,"Single, never married",Graduated from high school,,,,,,,,,,No religion,
115056439085,37,Cisgender woman,,,,,,,,White,,,New York,Urban,Cohabiting with a significant other or in a domestic partnership,Graduated from high school,,,,,,,,,,No religion,
115056438639,43,Cisgender man,,,,,,,,White,,,Florida,Suburban,"Single, never married",Graduated from college,,Catholicism,,,,,,,,,
115056438941,40,Cisgender woman,,,,,,,,White,,,New Jersey,Suburban,Married,Graduated from college,,,,,,,,,,No religion,
115056438654,33,Cisgender woman,,,,,,,,White,,,Alabama,Suburban,Married,Completed graduate school,,,Christianity,,,,,,,,
115056437492,38,Cisgender man,,,,,,,,White,,,Ohio,Suburban,Married,Graduated from high school,,Catholicism,,,,,,,,,
115056438518,33,Cisgender woman,,,,,,,,White,,,North Carolina,Suburban,Married,1 year of college,,,,,,,,,,,Spiritual
115056439078,36,Cisgender woman,,,,,,,,White,,,Pennsylvania,Urban,Cohabiting with a significant other or in a domestic partnership,Graduated from college,,Catholicism,,,,,,,,,
115056435165,36,Cisgender woman,,,,,Hispanic or Latino,,,,,,Virginia,Rural,Married,Graduated from college,,Catholicism,,,,,,,,,
115056436253,32,Cisgender man,,,,,,,,White,,,Georgia,Suburban,Cohabiting with a significant other or in a domestic partnership,Graduated from college,,,,,,,,,,No religion,
115056438413,45,Cisgender woman,,,,,,,,White,,,Vermont,Rural,Separated,Graduated from college,,,,,,,,,,No religion,
115056441506,34,Cisgender man,,,,,,,,White,,,Florida,Suburban,Cohabiting with a significant other or in a domestic partnership,Graduated from high school,,Catholicism,,,,,,,,,
115056437147,22,Cisgender woman,,,,,,,,White,,,Pennsylvania,Rural,"Single, never married",Some graduate school,,,,,,,,,,No religion,
115056435800,40,Cisgender woman,,,,,,,,White,,,Kentucky,Suburban,Married,Graduated from college,,,,,,Buddhism,,,,,
115056437436,30,Cisgender woman,,,Asian or Asian American,,,,,,,,California,Urban,Married,Graduated from college,,,,,,,,,,No religion,
115056438109,36,Cisgender man,,,,,,,,White,,,Washington,Suburban,Married,3 years of college,,,Christianity,,,,,,,No religion,
115056431761,38,Cisgender woman,,,,,Hispanic or Latino,,,,,,Texas,Suburban,Married,Graduated from college,,,Christianity,,,,,,,,
115056432099,27,Cisgender woman,,,,,Hispanic or Latino,,,White,,,New York,Urban,Separated,3 years of college,,,,,,,,,,No religion,
115056431908,41,Cisgender man,,,,,,,,White,,,Florida,Urban,"Single, never married",Graduated from college,,,,,,,,,,No religion,
115056437083,26,Cisgender woman,,,,,,,,White,,,South Carolina,Urban,Married,2 years of college,,,,,,,,,,,Paganism
115056436630,39,Cisgender woman,Biological woman,American Indian or Alaska Native,,Black or African American,,,,White,,,Florida,Rural,Cohabiting with a significant other or in a domestic partnership,Some graduate school,,Catholicism,,,,,,Native American,,,
115056436526,38,Cisgender man,,,,,,,,White,,,California,Urban,Separated,Completed graduate school,,,,,,,,,,No religion,
115056437391,41,Cisgender man,,,,,,,,White,,,New York,Suburban,Married,Completed graduate school,,,,Judaism,,,,,,,
115056436888,36,Cisgender woman,,,,,,,,White,,,Mississippi,Rural,Married,2 years of college,,,Christianity,,,,,,,,
115056432461,36,Cisgender man,,American Indian or Alaska Native,,Black or African American,,,,,,,Maryland,Urban,"Single, never married",Graduated from college,,,,,Islam,,,Native American,,,
115056436542,25,Cisgender man,,,,,,,,White,,,New York,Suburban,"Single, never married",Completed graduate school,,Catholicism,,,,,,,,,
115056433065,30,Cisgender woman,,,,,,,,White,,,Florida,Suburban,"Single, never married",Graduated from college,,,,,,,,,,No religion,
115056435052,45,Cisgender woman,,,,,,,,White,,,Nevada,Urban,Prefer not to answer,Graduated from college,,,,,,,,,,No religion,
115056436283,40,Cisgender woman,,,,,,,,White,,,Illinois,Urban,Divorced,Graduated from college,,,,,,,,,,No religion,
115056434599,42,Cisgender man,,,Asian or Asian American,,,,,,,,New York,Urban,"Single, never married",Graduated from college,,,,,,,,,,No religion,
115056435613,57,Cisgender woman,,,,,,,,,Another race,,Pennsylvania,Suburban,Married,1 year of college,,,,,,,,,,,Celtic patriarchal pagan
115056438637,25,Cisgender woman,,,,,Hispanic or Latino,,,,,,Illinois,Suburban,Cohabiting with a significant other or in a domestic partnership,Graduated from high school,,,,,,,,,,No religion,
115056435843,29,Cisgender woman,,,,,,,,White,,,Pennsylvania,Urban,Cohabiting with a significant other or in a domestic partnership,Graduated from college,Protestantism,,,,,,,,,,
115056437093,45,Cisgender woman,,,,,,,,White,,,Maryland,Suburban,Married,Graduated from college,,,,,,,,,,No religion,
115056436788,57,Cisgender woman,,,,,,,,White,,,Colorado,Urban,Cohabiting with a significant other or in a domestic partnership,Graduated from college,,,,,,,,,,No religion,
115056434369,23,Cisgender woman,,,,,,,,White,,,Kansas,Suburban,"Single, never married",10th grade,,,,,,,,,,No religion,
115056433694,25,Cisgender woman,,,,,,,,White,,,Pennsylvania,Suburban,"Single, never married",Graduated from high school,Protestantism,,,,,,,,,,
115056434459,38,Cisgender man,,,,,,,,White,,,Oregon,Urban,Married,Graduated from college,,,,,,,,,,No religion,
115056437545,57,Cisgender man,,,,,,,,White,,,Maryland,Suburban,Married,2 years of college,,Catholicism,,,,,,,,,
115056436066,34,Cisgender woman,,,,,,,,White,,,Connecticut,Suburban,Cohabiting with a significant other or in a domestic partnership,Completed graduate school,,,,,,,,,,No religion,
115056437340,32,Cisgender man,,,Asian or Asian American,,,,,,,,California,Urban,"Single, never married",Completed graduate school,,,,,,,,,,No religion,
115056431882,37,Cisgender woman,,,,,,,,White,,,Georgia,Suburban,Married,Completed graduate school,Protestantism,,,,,,,,,,
115056435131,40,Cisgender man,,,,,,,,White,,,Arizona,Suburban,Cohabiting with a significant other or in a domestic partnership,Graduated from high school,,,,,,,,,,No religion,
115056433153,33,Cisgender woman,,,,,,,,White,,,Indiana,Suburban,Married,Graduated from high school,,,Christianity,,,,,,,,
115056435617,45,Cisgender woman,,,,,,,,White,,,Virginia,Rural,"Single, never married",Graduated from college,,,,,,,,,,No religion,
115056434161,23,Cisgender man,,,,,,,,White,,,Connecticut,Suburban,"Single, never married",Completed graduate school,,,Christianity,,,,,,,,
115056434419,27,Cisgender man,,,,,,,,White,,,Georgia,Suburban,"Single, never married",3 years of college,,,,,,,,,,No religion,
115056434315,31,Cisgender man,,,,Black or African American,,,,White,,,New York,Urban,"Single, never married",Graduated from high school,,,,,,,,,,No religion,
115056433871,71,Cisgender man,,,,,,,,White,,,Kentucky,Suburban,Divorced,Completed graduate school,,,,,,,,,,No religion,
115056436350,67,Cisgender man,,,,,,,,White,,,Oregon,Rural,Married,Some graduate school,,,,,,,,,,No religion,
115056435424,21,Cisgender man,,,,,Hispanic or Latino,,,White,,,Georgia,Suburban,"Single, never married",1 year of college,,,Christianity,,,,,,,,
115056435347,44,Cisgender woman,,,,,,,,White,,,New York,Urban,Married,Completed graduate school,,,Christianity,,,,,,,,
115056435646,25,Cisgender woman,,,,,,Middle Eastern or North African,,,,,District of Columbia (DC),Urban,"Single, never married",Graduated from college,,,,,Islam,,,,,,
115056433346,30,Cisgender man,,,Asian or Asian American,,,,,,,,Massachusetts,Suburban,"Single, never married",Graduated from high school,,,,,,,,,,No religion,
115056435100,32,Cisgender woman,,,,,Hispanic or Latino,,,White,,,Texas,Urban,Married,Graduated from college,,,,,,,,,,No religion,
115056433805,63,Cisgender woman,,,,,,,,White,,,New Jersey,Suburban,Married,2 years of college,,,Christianity,,,,,,,,
115056433828,50,Cisgender woman,,,Asian or Asian American,,,,,,,,North Carolina,Suburban,"Single, never married",Completed graduate school,Protestantism,,,,,,,,,,
115056434761,31,Cisgender woman,,,,,,,,White,,,South Dakota,Urban,Married,Graduated from college,,,,,,,,,,No religion,
115056432826,45,Cisgender man,,,Asian or Asian American,,,,,,,,Washington,Suburban,Divorced,Graduated from college,,,,,,Buddhism,,,,,
115056435406,63,Cisgender woman,,,,,,,,White,,,Florida,Suburban,Married,Graduated from college,,,,Judaism,,,,,,,
115056431724,41,Cisgender woman,,,,Black or African American,Hispanic or Latino,,,,,,Massachusetts,Urban,"Single, never married",Completed graduate school,,,,,,,,,,No religion,
115056433798,62,Cisgender woman,,,,,,,,White,,,Connecticut,Suburban,Married,Graduated from college,Protestantism,,,,,,,,,,
115056434006,69,Cisgender woman,,,,,,,,White,,,Florida,Suburban,Cohabiting with a significant other or in a domestic partnership,Completed graduate school,Protestantism,,,,,,,,,,
115056433890,46,Cisgender woman,,,,,,,,White,,,Mississippi,Rural,Married,Graduated from high school,,,Christianity,,,,,,,,
115056432904,46,Cisgender woman,,,,,,,,White,,,Florida,Urban,Divorced,Graduated from high school,,,Christianity,,,,,,,,
115056434209,62,Cisgender woman,,,,,,,,White,,,Oregon,Urban,Divorced,Some graduate school,Protestantism,,Christianity,,,Buddhism,,,,,
115056432914,28,Cisgender woman,,,,Black or African American,,,,,,,New York,Urban,Married,Graduated from high school,,,,,,,,,,No religion,
115056433592,19,Cisgender man,,,,,,,,White,,,Ohio,Suburban,"Single, never married",2 years of college,,,Christianity,,,,,,,,
115056433305,41,Cisgender man,,,,,,,,White,,,Arizona,Rural,Married,2 years of college,,,,,,,,,,No religion,
115056433613,33,Cisgender woman,,,,,,,,White,,,Virginia,Suburban,Married,Completed graduate school,,,,,,,,,,No religion,
115056434238,34,Cisgender woman,,,,Black or African American,,,,,,,Georgia,Suburban,"Single, never married",Graduated from college,,,Christianity,,,,,,,,
115056434636,40,Cisgender man,,,,,Hispanic or Latino,,,White,,,California,Suburban,"Single, never married",Graduated from high school,,,,,,,,,,No religion,
115056433459,65,Cisgender man,,,,,,,,White,,,South Carolina,Suburban,Married,Completed graduate school,,,,,,,,,,No religion,
115056435197,49,Cisgender woman,,,Asian or Asian American,,,,,,,,Washington,Suburban,Married,Graduated from college,Protestantism,,,,,,,,,,
115056433091,76,Cisgender woman,Woman,,,,,,,White,,,New York,Rural,Widowed,Completed graduate school,,,,,,,,,,No religion,
115056433947,20,Cisgender woman,,,,,,,,White,,,South Carolina,Rural,"Single, never married",Graduated from high school,,,Christianity,,,,,,,,
115056435334,40,Cisgender man,,,,,,,,White,,,Oklahoma,Suburban,Married,Completed graduate school,,,Christianity,,,,,,,,
115056431298,42,Cisgender woman,,,,,,,,White,,,Mississippi,Suburban,Divorced,1 year of college,Protestantism,,,,,,,,,,
115056433148,65,Cisgender man,,,,,,,,White,,,Texas,Rural,"Single, never married",Graduated from college,,,,,,,,,,No religion,
115056431228,42,Cisgender woman,,,Asian or Asian American,,,,,,,,Texas,Urban,"Single, never married",Graduated from college,Protestantism,,,,,,,,,,
115056431500,34,Cisgender woman,,,,,,,,White,,,South Carolina,Suburban,Married,Graduated from college,,,,,,,,,,No religion,
115056432547,32,Cisgender man,,,,,,,,White,,,Georgia,Urban,Married,1 year of college,,,,,,,,,,No religion,
115056433822,41,Cisgender woman,,,,,,,,White,,,Oklahoma,Urban,"Single, never married",2 years of college,,,,,,,,,,No religion,
115056434499,19,Cisgender woman,,,Asian or Asian American,,,,,,,,Virginia,Suburban,"Single, never married",1 year of college,,,,,,,Hinduism,,,,
115056435421,53,Cisgender man,,,,,,,,White,,,Texas,Urban,Married,Completed graduate school,,,,,Islam,,,,,,
115056431640,26,Non-binary,,,,Black or African American,Hispanic or Latino,,,,,,New York,Suburban,"Single, never married",2 years of college,,,,,,,,,,No religion,
115056435507,35,Cisgender woman,,,,,,,,White,,,Tennessee,Suburban,Cohabiting with a significant other or in a domestic partnership,Completed graduate school,Protestantism,,,,,,,,,,
115056433079,24,Cisgender man,,,,,,,,White,,,California,Suburban,"Single, never married",Graduated from college,,,,,,,,,,No religion,
115056433885,43,Gender fluid,,,,,,,,White,,,Kentucky,Rural,Married,Graduated from college,Protestantism,,,,,,,,,,
115056432962,37,Cisgender woman,,,,,,,,White,,,North Carolina,Rural,"Single, never married",Graduated from college,,,,,,,,,,No religion,
115056431621,38,Cisgender man,,,,Black or African American,,,,,,,Wisconsin,Urban,"Single, never married",Graduated from high school,,,,,,,,,,No religion,
115056432871,57,Cisgender woman,,,,,,,,White,,,New York,Suburban,"Single, never married",Completed graduate school,,,,,,,,,,No religion,
115056435042,28,Cisgender woman,,,,Black or African American,,,,,,,Maryland,Urban,Cohabiting with a significant other or in a domestic partnership,2 years of college,Protestantism,,,,,,,,,,
115056433279,31,Cisgender man,,,,Black or African American,Hispanic or Latino,,,,,,New York,Urban,"Single, never married",Graduated from college,,,,,,,,,Inter/Non-denominational,,
115056433696,42,Cisgender man,,,,,,,,White,,,Arizona,Suburban,"Single, never married",Graduated from college,Protestantism,,,,,,,,,,
115056433984,29,Cisgender woman,,,,,,,,White,,,New York,Urban,"Single, never married",Graduated from college,,,,,,,,,,No religion,
115056431529,31,Cisgender woman,,,,,,,,White,,,Texas,Suburban,Married,3 years of college,,,,,,,,,,No religion,
115056432391,25,Cisgender woman,,,,,,,,White,,,New York,Urban,"Single, never married",Graduated from college,,,Christianity,,,,,,,,
115056435246,,,,,,,,,,,,,,,,,,,,,,,,,,,
115056436162,44,Cisgender woman,,,,,,,,White,,,Missouri,Urban,Married,Graduated from college,,,,,,,,,,No religion,
115056432765,35,Cisgender man,,,,,,,,White,,,Alabama,Rural,"Single, never married",2 years of college,Protestantism,,,,,,,,,,
115056431913,34,Transgender man,,,,Black or African American,,,,,,,New Jersey,Suburban,Married,Completed graduate school,,,,,,,,,,No religion,
115056432197,30,Cisgender man,,,,,,,,White,,,North Carolina,Urban,Divorced,2 years of college,,,Christianity,,,,,,,,
115056434374,28,Cisgender woman,,,,,,,,White,,,Virginia,Rural,Cohabiting with a significant other or in a domestic partnership,1 year of college,,,,,,,,,,,"Agnostic, or coexisting"
115056433707,42,Cisgender man,,,Asian or Asian American,,,,,,,,New York,Urban,"Single, never married",Graduated from college,,,,,,,,,,No religion,
115056432575,19,Cisgender woman,,,Asian or Asian American,Black or African American,,,,,,,California,Suburban,"Single, never married",Graduated from high school,,,,,,,,,,No religion,
115056431824,31,Cisgender woman,,,,,,,,White,,,New Jersey,Suburban,Married,Completed graduate school,,Catholicism,,,,,,,,,
115056432549,49,Cisgender man,,,,,,,,White,,,Arizona,Suburban,Divorced,Graduated from college,,,,,,,,,,No religion,
115056431861,33,Cisgender man,,,,,,,,White,,,Florida,Exurban,Married,Completed graduate school,,,,,,,,,,No religion,
115056431723,32,Cisgender man,,,Asian or Asian American,,,,,,,,Michigan,Suburban,Married,Graduated from college,,Catholicism,,,,,,,,,
115056432371,50,Cisgender man,,,,,,,,White,,,Texas,Suburban,Divorced,Graduated from college,,,Christianity,,,,,,,,
115056431322,35,Cisgender man,,,,,,,,White,,,Florida,Suburban,Married,Graduated from college,,,Christianity,,,,,,,,
115056432116,49,Cisgender man,,,,,,,,White,,,Maryland,Exurban,Married,Graduated from college,,,,,,,,,,No religion,
115056431225,23,Cisgender man,,,,,Hispanic or Latino,,,,,,Florida,Urban,"Single, never married",Graduated from college,,,Christianity,,,,,,,,
115056432171,30,Cisgender man,,,,,,,,White,,,Ohio,Rural,Married,3 years of college,Protestantism,,Christianity,,,,,,,,
115056433145,62,Cisgender woman,,,,,,,,White,,,Pennsylvania,Suburban,Married,Completed graduate school,,Catholicism,,,,,,,,,
115056431741,62,Cisgender woman,,,,,,,,White,,,Washington,Rural,Married,Graduated from college,Protestantism,,,,,,,,,,
115056433830,22,Cisgender man,,,,,,,,White,,,New Jersey,Suburban,"Single, never married",1 year of college,,,,,,,,,,No religion,
115056431843,41,Cisgender woman,,,,Black or African American,,,,,,,Georgia,Urban,"Single, never married",2 years of college,,,,,,,,,,No religion,
115056432150,18,Transgender man,,,,,,,,White,,,Georgia,Suburban,"Single, never married",11th grade,,,,,,,,,,,Agnostic
115056431354,34,Cisgender man,,,,,,,,White,,,Texas,Suburban,Married,Graduated from college,,,,,,,,,,No religion,
115056431810,42,Cisgender man,,,,,Hispanic or Latino,,,,,,Texas,Suburban,Married,Graduated from college,,,,,,,,,,No religion,
115056432538,67,Cisgender man,,,,,,,,White,,,Texas,Suburban,Married,1 year of college,,,,,,,,,,No religion,
115056431874,53,Cisgender woman,,,,,,,,White,,,New York,Suburban,Divorced,2 years of college,,,,,,,,,,No religion,
115056432911,38,Cisgender woman,,,,,,,,White,,,Florida,Suburban,Married,Graduated from college,,,,,,,,,,No religion,
115056432811,41,Cisgender woman,,,,,,,,White,,,Kentucky,Urban,"Single, never married",Completed graduate school,,,,,,,,,,No religion,
115056431427,27,Cisgender man,,,Asian or Asian American,,,,,,,,New York,Urban,"Single, never married",Graduated from college,,,,,,,,,,No religion,
115056431963,35,Cisgender woman,,,,,,,,White,,,California,Suburban,Cohabiting with a significant other or in a domestic partnership,Graduated from high school,,,Christianity,,,,,,,,
115056431576,38,Cisgender man,,,Asian or Asian American,,,,,,,,Texas,Suburban,Married,2 years of college,,,,,,,,,,No religion,
115056432313,35,Cisgender man,,,,,Hispanic or Latino,,,,,,California,Suburban,Cohabiting with a significant other or in a domestic partnership,Graduated from high school,,,,,,,,,,No religion,
115056431748,33,Cisgender woman,,,,,,,,White,,,Michigan,Suburban,"Single, never married",3 years of college,,,,,,,,,,No religion,
115056431378,29,Cisgender woman,,,,,Hispanic or Latino,,,,,,Texas,Suburban,Married,Graduated from high school,,,,,,,,,,,Jehovahs witness
115056431841,34,Cisgender woman,,,,,,,,White,,,Florida,Suburban,Married,Graduated from college,,,,,,,,,,No religion,
115056431280,25,Cisgender woman,,,,,,,,White,,,Florida,Suburban,Cohabiting with a significant other or in a domestic partnership,Graduated from college,,,,,,,,,,No religion,
115056431355,39,Cisgender woman,,,Asian or Asian American,,,,,,,,Illinois,Urban,"Single, never married",Completed graduate school,,,,,,,,,,No religion,
115056431249,44,Cisgender woman,,,,,,,,White,,,Georgia,Suburban,"Single, never married",2 years of college,,,,,,,,,,No religion,
115056431900,42,Cisgender woman,,,,,,,,White,,,Maryland,Suburban,Separated,Completed graduate school,,Catholicism,,,,,,,,,
115056432861,27,Cisgender man,,,Asian or Asian American,,,,,White,,,Maryland,Suburban,Cohabiting with a significant other or in a domestic partnership,Graduated from high school,,Catholicism,,,,,,,,,
115056431442,46,Cisgender man,,,Asian or Asian American,,,,,,,,New Jersey,Suburban,Married,Graduated from college,,,Christianity,,,,,,,,
115056431557,34,Cisgender woman,,,,,,,,White,,,Vermont,Rural,Divorced,Graduated from college,Protestantism,,,,,,,,,,
115056431595,30,Cisgender woman,,,,,,,,White,,,California,Suburban,"Single, never married",Graduated from college,Protestantism,,Christianity,,,,,,,,
115056431580,21,Cisgender man,,,,Black or African American,,,,,,,Georgia,Suburban,"Single, never married",2 years of college,,,,,,,,,,No religion,
